{"resourceType":"ValueSet","id":"retina-imagequality-vs","text":{"status":"generated","div":"<div xmlns=\"http://www.w3.org/1999/xhtml\"><p class=\"res-header-id\"><b>Generated Narrative: ValueSet retina-imagequality-vs</b></p><a name=\"retina-imagequality-vs\"> </a><a name=\"hcretina-imagequality-vs\"> </a><ul><li>Include all codes defined in <a href=\"CodeSystem-retina-imagequality-cs.html\"><code>http://dips.no/fhir/RetinaIntegration/CodeSystem/retina-imagequality-cs</code></a> version <span title=\"Version is not explicitly stated, which means it is fixed to the version provided in this specification\">&#x1F4E6;0.1.1</span></li></ul></div>"},"url":"http://dips.no/fhir/RetinaIntegration/ValueSet/retina-imagequality-vs","version":"0.1.1","name":"RetinaImageQualityValueSet","title":"Image Quality ValueSet for Retinascreening","status":"draft","date":"2025-10-07T21:19:45+02:00","publisher":"DIPS AS","contact":[{"name":"DIPS AS","telecom":[{"system":"url","value":"http://dips.no/"},{"system":"email","value":"teamsolsiden@dips.no"}]}],"compose":{"include":[{"system":"http://dips.no/fhir/RetinaIntegration/CodeSystem/retina-imagequality-cs"}]}}