URL,Version,Status,OIDs,Name,Title,Descriptino,Uses,Used,Sources
http://dips.no/fhir/RetinaIntegration/ValueSet/diagnosticreport-codes-vs,0.1.1,draft,,DiagnosticReportCodes,Rapport for Retina-screening,"Rapporttype bildediagnsotikk fra Volven 8660","StructureDefinition/RetinaDiagnosticReport","Other"
http://dips.no/fhir/RetinaIntegration/ValueSet/retina-conclusioncode-vs,0.1.1,draft,,RetinaConclusionCodeValueset,Conclusion Code ValueSet for Retinascreening,"Allowed conclusion codes for DiagnosticReport","StructureDefinition/RetinaDiagnosticReport","Internal"
http://dips.no/fhir/RetinaIntegration/ValueSet/retina-imagequality-vs,0.1.1,draft,,RetinaImageQualityValueSet,Image Quality ValueSet for Retinascreening,"","StructureDefinition/retina-imagequality-extension","Internal"
http://dips.no/fhir/RetinaIntegration/ValueSet/tiltaksstatus-forrigeUndersokelse-vs,0.1.1,draft,,TiltaksstatusForrigeUndersokelseValueSet,Verdisett for tiltaksstatus neste undersøkelse,"Verdisett som beskriver verdier for forløpsstatus for neste undersøkelse for Retinascreening","StructureDefinition/tiltaksstatus-forrige-undersokelse-extension","Internal"
http://dips.no/fhir/RetinaIntegration/ValueSet/videre-forlop-vs,0.1.1,draft,,VidereForlopValueSet,Verdisett for videre forløpsstudie,"Verdisett som beskriver videre forløp for Retinascreening.","StructureDefinition/videre-forlop-extension","Internal"
