<?xml version="1.0" encoding="UTF-8"?>

<Bundle xmlns="http://hl7.org/fhir">
  <id value="QueryResponseWithSingleExaminationAndAI-Example"/>
  <type value="searchset"/>
  <total value="1"/>
  <entry>
    <resource>
      <DiagnosticReport>
        <id value="DiagnosticReportWitKI"/>
        <meta>
          <profile value="http://dips.no/fhir/RetinaIntegration/StructureDefinition/RetinaDiagnosticReport"/>
        </meta>
        <text>
          <status value="generated"/><div xmlns="http://www.w3.org/1999/xhtml"><a name="DiagnosticReport_DiagnosticReportWitKI"> </a><p class="res-header-id"><b>Generated Narrative: DiagnosticReport DiagnosticReportWitKI</b></p><a name="DiagnosticReportWitKI"> </a><a name="hcDiagnosticReportWitKI"> </a><div style="display: inline-block; background-color: #d9e0e7; padding: 6px; margin: 4px; border: 1px solid #8da1b4; border-radius: 5px; line-height: 60%"><p style="margin-bottom: 0px"/><p style="margin-bottom: 0px">Profile: <a href="StructureDefinition-RetinaDiagnosticReport.html">DiagnosticReport for Retinascreening</a></p></div><h2><span title="Codes:{http://ehelse.no/fhir/CodeSystem/no-kodeverk-8660 B}">Bildediagnostikk</span> </h2><table class="grid"><tr><td>Subject</td><td>Unable to get Patient Details</td></tr><tr><td>When For</td><td>2025-09-30 12:00:00+0000</td></tr><tr><td>Identifiers</td><td> <code>http://dips.no/fhir/NamingSystem/retina-examination-id</code>/aaaaaaaa-bbbb-cccc-dddd-eeeeeeeeeeee <code>http://sectra.no/identifiers</code>/MMA94126079</td></tr></table><p><b>Report Details</b></p><table class="grid"><tr><td><b>Code</b></td><td><b>Value</b></td><td><b>Flags</b></td><td><b>When For</b></td></tr><tr><td><a href="Bundle-QueryResponseForExaminationsBetweenTwoDatesNoAI-Example.html#Observation_ObservationGlukose"><span title="Codes:{http://snomed.info/sct 167491000202108}">HbA1c</span></a></td><td>63.2</td><td>Final</td><td>2025-06-06 10:30:00+0000</td></tr><tr><td><a href="Bundle-QueryResponseForExaminationsBetweenTwoDatesNoAI-Example.html#Observation_ObservationFoto"><span title="Codes:{http://ehelse.no/fhir/CodeSystem/no-kodeverk-7275 CKDP10}">Fundusfotagrafi</span></a></td><td>true</td><td>Final</td><td/></tr><tr><td><a href="Bundle-QueryResponseForExaminationsBetweenTwoDatesNoAI-Example.html#Observation_ObservationOCT"><span title="Codes:{http://ehelse.no/fhir/CodeSystem/no-kodeverk-7275 CKFX16}">OCT tatt</span></a></td><td>true</td><td>Final</td><td/></tr><tr><td><a href="Bundle-QueryResponseWithSingleExaminationAndAI-Example.html#Observation_Bilde1DRhoyreWithIdentifier"><span title="Codes:{http://snomed.info/sct 4855003}">Diabetsk retinopati</span></a> (<span title="Codes:{http://snomed.info/sct 5597008}">Høyre retina</span>)</td><td>5</td><td>Final</td><td/></tr><tr><td><a href="Bundle-QueryResponseWithSingleExaminationAndAI-Example.html#Observation_Bilde1DMEhoyreWithIdentifier"><span title="Codes:{http://snomed.info/sct 312912001}">Diabetisk makulaødem</span></a> (<span title="Codes:{http://snomed.info/sct 5597008}">Høyre retina</span>)</td><td>true</td><td>Final</td><td/></tr><tr><td><a href="Bundle-QueryResponseWithSingleExaminationAndAI-Example.html#Observation_Bilde1DRvenstreWithIdentifier"><span title="Codes:{http://snomed.info/sct 4855003}">Diabetsk retinopati</span></a> (<span title="Codes:{http://snomed.info/sct 58443009}">Venstre retina</span>)</td><td><span style="color: maroon" title="Error">Error: <b><span title="Codes:">not-asked</span></b></span></td><td>Final</td><td/></tr><tr><td><a href="Bundle-QueryResponseWithSingleExaminationAndAI-Example.html#Observation_Bilde1DMEvenstreWithIdentifier"><span title="Codes:{http://snomed.info/sct 312912001}">Diabetisk makulaødem</span></a> (<span title="Codes:{http://snomed.info/sct 58443009}">Venstre retina</span>)</td><td>true</td><td>Final</td><td/></tr></table><p><b>Coded Conclusions:</b></p><ul><li><span title="Codes:{http://helse-sorost.no/fhir/CodeSystem/retina-conclusioncode-cs 1001}">Gradering ferdig</span></li></ul></div>
        </text>
        <extension url="http://dips.no/fhir/RetinaIntegration/StructureDefinition/videre-forlop-extension">
          <valueCodeableConcept>
            <coding>
              <system value="http://dips.no/fhir/RetinaIntegration/CodeSystem/videre-forlop-cs"/>
              <code value="4001"/>
              <display value="A"/>
            </coding>
          </valueCodeableConcept>
        </extension>
        <extension url="http://dips.no/fhir/RetinaIntegration/StructureDefinition/tiltaksstatus-forrige-undersokelse-extension">
          <valueCodeableConcept>
            <coding>
              <system value="http://dips.no/fhir/RetinaIntegration/CodeSystem/tiltakstatus-nesteundersokelse-cs"/>
              <code value="3001"/>
              <display value="Ny fotokontroll (primærgradering)"/>
            </coding>
          </valueCodeableConcept>
        </extension>
        <extension url="http://dips.no/fhir/RetinaIntegration/StructureDefinition/frist-nesteundersokelse-extension">
          <valueDate value="2026-03-29"/>
        </extension>
        <extension url="http://dips.no/fhir/RetinaIntegration/StructureDefinition/ki-productname-extension">
          <valueString value="AwesomeAI for Retina"/>
        </extension>
        <extension url="http://dips.no/fhir/RetinaIntegration/StructureDefinition/ki-versjon-algoritme-extension">
          <valueString value="v2.1.0"/>
        </extension>
        <extension url="http://dips.no/fhir/RetinaIntegration/StructureDefinition/ki-protokoll-extension">
          <valueString value="Standard protocol"/>
        </extension>
        <identifier>
          <system value="http://dips.no/fhir/NamingSystem/retina-examination-id"/>
          <value value="aaaaaaaa-bbbb-cccc-dddd-eeeeeeeeeeee"/>
        </identifier>
        <identifier>
          <system value="http://sectra.no/identifiers"/>
          <value value="MMA94126079"/>
        </identifier>
        <status value="final"/>
        <code>
          <coding>
            <system value="http://ehelse.no/fhir/CodeSystem/no-kodeverk-8660"/>
            <code value="B"/>
            <display value="Bildediagnostikk"/>
          </coding>
        </code>
        <subject>
          <reference value="Patient/cdp1123123"/>
          <identifier>
            <system value="urn:oid:2.16.578.1.12.4.1.4.1"/>
            <value value="01015549145"/>
          </identifier>
        </subject>
        <effectiveDateTime value="2025-09-30T12:00:00Z"/>
        <result>
          <reference value="Observation/ObservationGlukose"/>
        </result>
        <result>
          <reference value="Observation/ObservationFoto"/>
        </result>
        <result>
          <reference value="Observation/ObservationOCT"/>
        </result>
        <result>
          <reference value="Observation/Bilde1DRhoyreWithIdentifier"/>
        </result>
        <result>
          <reference value="Observation/Bilde1DMEhoyreWithIdentifier"/>
        </result>
        <result>
          <reference value="Observation/Bilde1DRvenstreWithIdentifier"/>
        </result>
        <result>
          <reference value="Observation/Bilde1DMEvenstreWithIdentifier"/>
        </result>
        <imagingStudy>
          <reference value="ImagingStudy/Bilde1Sectra"/>
        </imagingStudy>
        <conclusionCode>
          <coding>
            <system value="http://helse-sorost.no/fhir/CodeSystem/retina-conclusioncode-cs"/>
            <code value="1001"/>
            <display value="Gradering ferdig"/>
          </coding>
        </conclusionCode>
        <presentedForm>
          <contentType value="text/json"/>
          <data value="Base64binary"/>
          <title value="Full AI report"/>
        </presentedForm>
      </DiagnosticReport>
    </resource>
    <search>
      <mode value="match"/>
    </search>
  </entry>
  <entry>
    <resource>
      <Observation>
        <id value="ObservationGlukose"/>
        <meta>
          <profile value="http://dips.no/fhir/RetinaIntegration/StructureDefinition/RetinaObservation"/>
        </meta>
        <text>
          <status value="generated"/><div xmlns="http://www.w3.org/1999/xhtml"><a name="Observation_ObservationGlukose"> </a><p class="res-header-id"><b>Generated Narrative: Observation ObservationGlukose</b></p><a name="ObservationGlukose"> </a><a name="hcObservationGlukose"> </a><div style="display: inline-block; background-color: #d9e0e7; padding: 6px; margin: 4px; border: 1px solid #8da1b4; border-radius: 5px; line-height: 60%"><p style="margin-bottom: 0px"/><p style="margin-bottom: 0px">Profile: <a href="StructureDefinition-RetinaObservation.html">Observation for Retinascreening</a></p></div><p><b>identifier</b>: <code>http://dips.no/fhir/NamingSystem/retina-observation-id</code>/aaaaaaaa-bbbb-cccc-dddd-eeeeeeeeeeee</p><p><b>status</b>: Final</p><p><b>code</b>: <span title="Codes:{http://snomed.info/sct 167491000202108}">HbA1c</span></p><p><b>effective</b>: 2025-06-06 10:30:00+0000</p><p><b>value</b>: 63.2</p></div>
        </text>
        <identifier>
          <system value="http://dips.no/fhir/NamingSystem/retina-observation-id"/>
          <value value="aaaaaaaa-bbbb-cccc-dddd-eeeeeeeeeeee"/>
        </identifier>
        <status value="final"/>
        <code>
          <coding>
            <system value="http://snomed.info/sct"/>
            <code value="167491000202108"/>
            <display value="HbA1c"/>
          </coding>
        </code>
        <effectiveDateTime value="2025-06-06T10:30:00Z"/>
        <valueQuantity>
          <value value="63.2"/>
        </valueQuantity>
      </Observation>
    </resource>
    <search>
      <mode value="include"/>
    </search>
  </entry>
  <entry>
    <resource>
      <Observation>
        <id value="ObservationFoto"/>
        <meta>
          <profile value="http://dips.no/fhir/RetinaIntegration/StructureDefinition/RetinaObservation"/>
        </meta>
        <text>
          <status value="generated"/><div xmlns="http://www.w3.org/1999/xhtml"><a name="Observation_ObservationFoto"> </a><p class="res-header-id"><b>Generated Narrative: Observation ObservationFoto</b></p><a name="ObservationFoto"> </a><a name="hcObservationFoto"> </a><div style="display: inline-block; background-color: #d9e0e7; padding: 6px; margin: 4px; border: 1px solid #8da1b4; border-radius: 5px; line-height: 60%"><p style="margin-bottom: 0px"/><p style="margin-bottom: 0px">Profile: <a href="StructureDefinition-RetinaObservation.html">Observation for Retinascreening</a></p></div><p><b>identifier</b>: <code>http://dips.no/fhir/NamingSystem/retina-observation-id</code>/aaaaaaaa-bbbb-cccc-dddd-eeeeeeeeeeee</p><p><b>status</b>: Final</p><p><b>code</b>: <span title="Codes:{http://ehelse.no/fhir/CodeSystem/no-kodeverk-7275 CKDP10}">Fundusfotagrafi</span></p><p><b>value</b>: true</p></div>
        </text>
        <identifier>
          <system value="http://dips.no/fhir/NamingSystem/retina-observation-id"/>
          <value value="aaaaaaaa-bbbb-cccc-dddd-eeeeeeeeeeee"/>
        </identifier>
        <status value="final"/>
        <code>
          <coding>
            <system value="http://ehelse.no/fhir/CodeSystem/no-kodeverk-7275"/>
            <code value="CKDP10"/>
            <display value="Fundusfotagrafi"/>
          </coding>
        </code>
        <valueBoolean value="true"/>
      </Observation>
    </resource>
    <search>
      <mode value="include"/>
    </search>
  </entry>
  <entry>
    <resource>
      <Observation>
        <id value="ObservationOCT"/>
        <meta>
          <profile value="http://dips.no/fhir/RetinaIntegration/StructureDefinition/RetinaObservation"/>
        </meta>
        <text>
          <status value="generated"/><div xmlns="http://www.w3.org/1999/xhtml"><a name="Observation_ObservationOCT"> </a><p class="res-header-id"><b>Generated Narrative: Observation ObservationOCT</b></p><a name="ObservationOCT"> </a><a name="hcObservationOCT"> </a><div style="display: inline-block; background-color: #d9e0e7; padding: 6px; margin: 4px; border: 1px solid #8da1b4; border-radius: 5px; line-height: 60%"><p style="margin-bottom: 0px"/><p style="margin-bottom: 0px">Profile: <a href="StructureDefinition-RetinaObservation.html">Observation for Retinascreening</a></p></div><p><b>identifier</b>: <code>http://dips.no/fhir/NamingSystem/retina-observation-id</code>/aaaaaaaa-bbbb-cccc-dddd-eeeeeeeeeeee</p><p><b>status</b>: Final</p><p><b>code</b>: <span title="Codes:{http://ehelse.no/fhir/CodeSystem/no-kodeverk-7275 CKFX16}">OCT tatt</span></p><p><b>value</b>: true</p></div>
        </text>
        <identifier>
          <system value="http://dips.no/fhir/NamingSystem/retina-observation-id"/>
          <value value="aaaaaaaa-bbbb-cccc-dddd-eeeeeeeeeeee"/>
        </identifier>
        <status value="final"/>
        <code>
          <coding>
            <system value="http://ehelse.no/fhir/CodeSystem/no-kodeverk-7275"/>
            <code value="CKFX16"/>
            <display value="OCT tatt"/>
          </coding>
        </code>
        <valueBoolean value="true"/>
      </Observation>
    </resource>
    <search>
      <mode value="include"/>
    </search>
  </entry>
  <entry>
    <resource>
      <Observation>
        <id value="Bilde1DRhoyreWithIdentifier"/>
        <meta>
          <profile value="http://dips.no/fhir/RetinaIntegration/StructureDefinition/RetinaObservation"/>
        </meta>
        <text>
          <status value="generated"/><div xmlns="http://www.w3.org/1999/xhtml"><a name="Observation_Bilde1DRhoyreWithIdentifier"> </a><p class="res-header-id"><b>Generated Narrative: Observation Bilde1DRhoyreWithIdentifier</b></p><a name="Bilde1DRhoyreWithIdentifier"> </a><a name="hcBilde1DRhoyreWithIdentifier"> </a><div style="display: inline-block; background-color: #d9e0e7; padding: 6px; margin: 4px; border: 1px solid #8da1b4; border-radius: 5px; line-height: 60%"><p style="margin-bottom: 0px"/><p style="margin-bottom: 0px">Profile: <a href="StructureDefinition-RetinaObservation.html">Observation for Retinascreening</a></p></div><p><b>identifier</b>: <code>http://dips.no/fhir/NamingSystem/retina-observation-id</code>/aaaaaaaa-bbbb-cccc-dddd-eeeeeeeeeeee</p><p><b>status</b>: Final</p><p><b>code</b>: <span title="Codes:{http://snomed.info/sct 4855003}">Diabetsk retinopati</span></p><p><b>value</b>: 5</p><p><b>bodySite</b>: <span title="Codes:{http://snomed.info/sct 5597008}">Høyre retina</span></p></div>
        </text>
        <identifier>
          <system value="http://dips.no/fhir/NamingSystem/retina-observation-id"/>
          <value value="aaaaaaaa-bbbb-cccc-dddd-eeeeeeeeeeee"/>
        </identifier>
        <status value="final"/>
        <code>
          <coding>
            <system value="http://snomed.info/sct"/>
            <code value="4855003"/>
            <display value="Diabetsk retinopati"/>
          </coding>
        </code>
        <valueQuantity>
          <value value="5"/>
        </valueQuantity>
        <bodySite>
          <coding>
            <system value="http://snomed.info/sct"/>
            <code value="5597008"/>
            <display value="Høyre retina"/>
          </coding>
        </bodySite>
      </Observation>
    </resource>
    <search>
      <mode value="include"/>
    </search>
  </entry>
  <entry>
    <resource>
      <Observation>
        <id value="Bilde1DMEhoyreWithIdentifier"/>
        <meta>
          <profile value="http://dips.no/fhir/RetinaIntegration/StructureDefinition/RetinaObservation"/>
        </meta>
        <text>
          <status value="generated"/><div xmlns="http://www.w3.org/1999/xhtml"><a name="Observation_Bilde1DMEhoyreWithIdentifier"> </a><p class="res-header-id"><b>Generated Narrative: Observation Bilde1DMEhoyreWithIdentifier</b></p><a name="Bilde1DMEhoyreWithIdentifier"> </a><a name="hcBilde1DMEhoyreWithIdentifier"> </a><div style="display: inline-block; background-color: #d9e0e7; padding: 6px; margin: 4px; border: 1px solid #8da1b4; border-radius: 5px; line-height: 60%"><p style="margin-bottom: 0px"/><p style="margin-bottom: 0px">Profile: <a href="StructureDefinition-RetinaObservation.html">Observation for Retinascreening</a></p></div><p><b>identifier</b>: <code>http://dips.no/fhir/NamingSystem/retina-observation-id</code>/aaaaaaaa-bbbb-cccc-dddd-eeeeeeeeeeee</p><p><b>status</b>: Final</p><p><b>code</b>: <span title="Codes:{http://snomed.info/sct 312912001}">Diabetisk makulaødem</span></p><p><b>value</b>: true</p><p><b>bodySite</b>: <span title="Codes:{http://snomed.info/sct 5597008}">Høyre retina</span></p></div>
        </text>
        <identifier>
          <system value="http://dips.no/fhir/NamingSystem/retina-observation-id"/>
          <value value="aaaaaaaa-bbbb-cccc-dddd-eeeeeeeeeeee"/>
        </identifier>
        <status value="final"/>
        <code>
          <coding>
            <system value="http://snomed.info/sct"/>
            <code value="312912001"/>
            <display value="Diabetisk makulaødem"/>
          </coding>
        </code>
        <valueBoolean value="true"/>
        <bodySite>
          <coding>
            <system value="http://snomed.info/sct"/>
            <code value="5597008"/>
            <display value="Høyre retina"/>
          </coding>
        </bodySite>
      </Observation>
    </resource>
    <search>
      <mode value="include"/>
    </search>
  </entry>
  <entry>
    <resource>
      <Observation>
        <id value="Bilde1DRvenstreWithIdentifier"/>
        <meta>
          <profile value="http://dips.no/fhir/RetinaIntegration/StructureDefinition/RetinaObservation"/>
        </meta>
        <text>
          <status value="generated"/><div xmlns="http://www.w3.org/1999/xhtml"><a name="Observation_Bilde1DRvenstreWithIdentifier"> </a><p class="res-header-id"><b>Generated Narrative: Observation Bilde1DRvenstreWithIdentifier</b></p><a name="Bilde1DRvenstreWithIdentifier"> </a><a name="hcBilde1DRvenstreWithIdentifier"> </a><div style="display: inline-block; background-color: #d9e0e7; padding: 6px; margin: 4px; border: 1px solid #8da1b4; border-radius: 5px; line-height: 60%"><p style="margin-bottom: 0px"/><p style="margin-bottom: 0px">Profile: <a href="StructureDefinition-RetinaObservation.html">Observation for Retinascreening</a></p></div><p><b>identifier</b>: <code>http://dips.no/fhir/NamingSystem/retina-observation-id</code>/aaaaaaaa-bbbb-cccc-dddd-eeeeeeeeeeee</p><p><b>status</b>: Final</p><p><b>code</b>: <span title="Codes:{http://snomed.info/sct 4855003}">Diabetsk retinopati</span></p><p><b>dataAbsentReason</b>: <span title="Codes:">not-asked</span></p><p><b>bodySite</b>: <span title="Codes:{http://snomed.info/sct 58443009}">Venstre retina</span></p></div>
        </text>
        <identifier>
          <system value="http://dips.no/fhir/NamingSystem/retina-observation-id"/>
          <value value="aaaaaaaa-bbbb-cccc-dddd-eeeeeeeeeeee"/>
        </identifier>
        <status value="final"/>
        <code>
          <coding>
            <system value="http://snomed.info/sct"/>
            <code value="4855003"/>
            <display value="Diabetsk retinopati"/>
          </coding>
        </code>
        <dataAbsentReason>
          <coding>
            <code value="not-asked"/>
          </coding>
        </dataAbsentReason>
        <bodySite>
          <coding>
            <system value="http://snomed.info/sct"/>
            <code value="58443009"/>
            <display value="Venstre retina"/>
          </coding>
        </bodySite>
      </Observation>
    </resource>
    <search>
      <mode value="include"/>
    </search>
  </entry>
  <entry>
    <resource>
      <Observation>
        <id value="Bilde1DMEvenstreWithIdentifier"/>
        <meta>
          <profile value="http://dips.no/fhir/RetinaIntegration/StructureDefinition/RetinaObservation"/>
        </meta>
        <text>
          <status value="generated"/><div xmlns="http://www.w3.org/1999/xhtml"><a name="Observation_Bilde1DMEvenstreWithIdentifier"> </a><p class="res-header-id"><b>Generated Narrative: Observation Bilde1DMEvenstreWithIdentifier</b></p><a name="Bilde1DMEvenstreWithIdentifier"> </a><a name="hcBilde1DMEvenstreWithIdentifier"> </a><div style="display: inline-block; background-color: #d9e0e7; padding: 6px; margin: 4px; border: 1px solid #8da1b4; border-radius: 5px; line-height: 60%"><p style="margin-bottom: 0px"/><p style="margin-bottom: 0px">Profile: <a href="StructureDefinition-RetinaObservation.html">Observation for Retinascreening</a></p></div><p><b>identifier</b>: <code>http://dips.no/fhir/NamingSystem/retina-observation-id</code>/aaaaaaaa-bbbb-cccc-dddd-eeeeeeeeeeee</p><p><b>status</b>: Final</p><p><b>code</b>: <span title="Codes:{http://snomed.info/sct 312912001}">Diabetisk makulaødem</span></p><p><b>value</b>: true</p><p><b>bodySite</b>: <span title="Codes:{http://snomed.info/sct 58443009}">Venstre retina</span></p></div>
        </text>
        <identifier>
          <system value="http://dips.no/fhir/NamingSystem/retina-observation-id"/>
          <value value="aaaaaaaa-bbbb-cccc-dddd-eeeeeeeeeeee"/>
        </identifier>
        <status value="final"/>
        <code>
          <coding>
            <system value="http://snomed.info/sct"/>
            <code value="312912001"/>
            <display value="Diabetisk makulaødem"/>
          </coding>
        </code>
        <valueBoolean value="true"/>
        <bodySite>
          <coding>
            <system value="http://snomed.info/sct"/>
            <code value="58443009"/>
            <display value="Venstre retina"/>
          </coding>
        </bodySite>
      </Observation>
    </resource>
    <search>
      <mode value="include"/>
    </search>
  </entry>
</Bundle>