<?xml version="1.0" encoding="UTF-8"?><ValueSet xmlns="http://hl7.org/fhir"><id value="videre-forlop-vs"/><text><status value="generated"/><div xmlns="http://www.w3.org/1999/xhtml"><p class="res-header-id"><b>Generated Narrative: ValueSet videre-forlop-vs</b></p><a name="videre-forlop-vs"> </a><a name="hcvidere-forlop-vs"> </a><ul><li>Include all codes defined in <a href="CodeSystem-videre-forlop-cs.html"><code>http://dips.no/fhir/RetinaIntegration/CodeSystem/videre-forlop-cs</code></a> version <span title="Version is not explicitly stated, which means it is fixed to the version provided in this specification">📦0.1.1</span></li></ul></div></text><url value="http://dips.no/fhir/RetinaIntegration/ValueSet/videre-forlop-vs"/><version value="0.1.1"/><name value="VidereForlopValueSet"/><title value="Verdisett for videre forløpsstudie"/><status value="draft"/><date value="2025-10-07T21:19:45+02:00"/><publisher value="DIPS AS"/><contact><name value="DIPS AS"/><telecom><system value="url"/><value value="http://dips.no/"/></telecom><telecom><system value="email"/><value value="teamsolsiden@dips.no"/></telecom></contact><description value="Verdisett som beskriver videre forløp for Retinascreening."/><compose><include><system value="http://dips.no/fhir/RetinaIntegration/CodeSystem/videre-forlop-cs"/></include></compose></ValueSet>