{
  "resourceType" : "CapabilityStatement",
  "id" : "DIPSRetinaCapabilityStatement",
  "text" : {
    "status" : "extensions",
    "div" : "<div xmlns=\"http://www.w3.org/1999/xhtml\"><p class=\"res-header-id\"><b>Generated Narrative: CapabilityStatement DIPSRetinaCapabilityStatement</b></p><a name=\"DIPSRetinaCapabilityStatement\"> </a><a name=\"hcDIPSRetinaCapabilityStatement\"> </a><h2 id=\"title\"/><ul><li>Implementation Guide Version: 0.1.1 </li><li>FHIR Version: 4.0.1 </li><li>Supported Formats: <code>xml</code>, <code>json</code></li><li>Published on: 2025-09-30 12:00:00+0000 </li><li>Published by: DIPS AS </li></ul><blockquote class=\"impl-note\"><p><strong>Note to Implementers: FHIR Capabilities</strong></p><p>Any FHIR capability may be 'allowed' by the system unless explicitly marked as 'SHALL NOT'. A few items are marked as MAY in the Implementation Guide to highlight their potential relevance to the use case.</p></blockquote><h2 id=\"rest\">FHIR RESTful Capabilities</h2><div class=\"panel panel-default\"><div class=\"panel-heading\"><h3 id=\"mode1\" class=\"panel-title\">Mode: <code>server</code></h3></div><div class=\"panel-body\"><div class=\"row\"><div class=\"col-12\"><span class=\"lead\">Summary of System-wide Operations</span><table class=\"table table-condensed table-hover\"><thead><tr><th>Conformance</th><th>Operation</th><th>Documentation</th></tr></thead><tbody><tr><td><b>SHALL</b></td><td><a href=\"OperationDefinition-diagnosticreport-append-retina-ai-result.html\">$append-retina-ai-result</a></td><td><div><p>Append results from AI analysis of retina images to a existing DiagnosticReport</p>\n</div></td></tr></tbody></table></div></div></div></div><h3 id=\"resourcesCap1\">Capabilities by Resource/Profile</h3><h4 id=\"resourcesSummary1\">Summary</h4><p>The summary table lists the resources that are part of this configuration, and for each resource it lists:</p><ul><li>The relevant profiles (if any)</li><li>The interactions supported by each resource (<b><span class=\"bg-info\">R</span></b>ead, <b><span class=\"bg-info\">S</span></b>earch, <b><span class=\"bg-info\">U</span></b>pdate, and <b><span class=\"bg-info\">C</span></b>reate, are always shown, while <b><span class=\"bg-info\">VR</span></b>ead, <b><span class=\"bg-info\">P</span></b>atch, <b><span class=\"bg-info\">D</span></b>elete, <b><span class=\"bg-info\">H</span></b>istory on <b><span class=\"bg-info\">I</span></b>nstance, or <b><span class=\"bg-info\">H</span></b>istory on <b><span class=\"bg-info\">T</span></b>ype are only present if at least one of the resources has support for them.</li><li><span>The required, recommended, and some optional search parameters (if any). </span></li><li>The linked resources enabled for <code>_include</code></li><li>The other resources enabled for <code>_revinclude</code></li><li>The operations on the resource (if any)</li></ul><div class=\"table-responsive\"><table class=\"table table-condensed table-hover\"><thead><tr><th><b>Resource Type</b></th><th><b>Profile</b></th><th class=\"text-center\"><b title=\"GET a resource (read interaction)\">R</b></th><th class=\"text-center\"><b title=\"GET all set of resources of the type (search interaction)\">S</b></th><th class=\"text-center\"><b title=\"PUT a new resource version (update interaction)\">U</b></th><th class=\"text-center\"><b title=\"POST a new resource (create interaction)\">C</b></th><th><b title=\"Required and recommended search parameters\">Searches</b></th><th><code><b>_include</b></code></th><th><code><b>_revinclude</b></code></th><th><b>Operations</b></th></tr></thead><tbody><tr><td><a href=\"#DiagnosticReport1-1\">DiagnosticReport</a></td><td><a href=\"StructureDefinition-RetinaDiagnosticReport.html\">http://dips.no/fhir/RetinaIntegration/StructureDefinition/RetinaDiagnosticReport</a></td><td class=\"text-center\">y</td><td class=\"text-center\"/><td class=\"text-center\"/><td class=\"text-center\"/><td/><td><code>DiagnosticReport:patient</code>, <code>DiagnosticReport:result</code></td><td/><td/></tr></tbody></table></div><hr/><div class=\"panel panel-default\"><div class=\"panel-heading\"><h4 id=\"DiagnosticReport1-1\" class=\"panel-title\"><span style=\"float: right;\">Resource Conformance: supported </span>DiagnosticReport</h4></div><div class=\"panel-body\"><div class=\"container\"><div class=\"row\"><div class=\"col-lg-6\"><span class=\"lead\">Base System Profile</span><br/><a href=\"StructureDefinition-RetinaDiagnosticReport.html\">DiagnosticReport for Retinascreening</a></div><div class=\"col-lg-3\"><span class=\"lead\">Profile Conformance</span><br/><b>SHALL</b></div><div class=\"col-lg-3\"><span class=\"lead\">Reference Policy</span><br/></div></div><p/><div class=\"row\"><div class=\"col-lg-6\"><span class=\"lead\">Interaction summary</span><br/><ul><li>Supports <code>read</code>.</li></ul></div></div><p/></div></div></div></div>"
  },
  "url" : "http://dips.no/fhir/RetinaIntegration/CapabilityStatement/DIPSRetinaCapabilityStatement",
  "version" : "0.1.1",
  "status" : "active",
  "date" : "2025-09-30T12:00:00Z",
  "publisher" : "DIPS AS",
  "contact" : [{
    "name" : "DIPS AS",
    "telecom" : [{
      "system" : "url",
      "value" : "http://dips.no/"
    },
    {
      "system" : "email",
      "value" : "teamsolsiden@dips.no"
    }]
  }],
  "description" : "CapabilityStatement for DIPS Retinaflyt",
  "kind" : "instance",
  "implementation" : {
    "description" : "DIPS retinaintegration-service"
  },
  "fhirVersion" : "4.0.1",
  "format" : ["xml",
  "json"],
  "rest" : [{
    "mode" : "server",
    "resource" : [{
      "type" : "DiagnosticReport",
      "profile" : "http://dips.no/fhir/RetinaIntegration/StructureDefinition/RetinaDiagnosticReport",
      "interaction" : [{
        "code" : "read"
      }],
      "searchInclude" : ["DiagnosticReport:patient",
      "DiagnosticReport:result"]
    }],
    "operation" : [{
      "name" : "append-retina-ai-result",
      "definition" : "http://dips.no/fhir/OperationDefinition/append-retina-ai-result",
      "documentation" : "Append results from AI analysis of retina images to a existing DiagnosticReport"
    }]
  }]
}