<?xml version="1.0" encoding="UTF-8"?>

<CodeSystem xmlns="http://hl7.org/fhir">
  <id value="retina-imagequality-cs"/>
  <text>
    <status value="generated"/><div xmlns="http://www.w3.org/1999/xhtml"><p class="res-header-id"><b>Generated Narrative: CodeSystem retina-imagequality-cs</b></p><a name="retina-imagequality-cs"> </a><a name="hcretina-imagequality-cs"> </a><p>This  code system <code>http://dips.no/fhir/RetinaIntegration/CodeSystem/retina-imagequality-cs</code> defines the following codes:</p><table class="codes"><tr><td style="white-space:nowrap"><b>Code</b></td><td><b>Display</b></td></tr><tr><td style="white-space:nowrap">2001<a name="retina-imagequality-cs-2001"> </a></td><td>God</td></tr><tr><td style="white-space:nowrap">2002<a name="retina-imagequality-cs-2002"> </a></td><td>Moderat</td></tr><tr><td style="white-space:nowrap">2003<a name="retina-imagequality-cs-2003"> </a></td><td>Ikke graderbar</td></tr><tr><td style="white-space:nowrap">2004<a name="retina-imagequality-cs-2004"> </a></td><td>Mangler</td></tr></table></div>
  </text>
  <url value="http://dips.no/fhir/RetinaIntegration/CodeSystem/retina-imagequality-cs"/>
  <version value="0.1.1"/>
  <name value="RetinaImageQualityCodesystem"/>
  <title value="Image Quality CodeSystem for Retinascreening"/>
  <status value="active"/>
  <date value="2025-10-07T21:19:45+02:00"/>
  <publisher value="DIPS AS"/>
  <contact>
    <name value="DIPS AS"/>
    <telecom>
      <system value="url"/>
      <value value="http://dips.no/"/>
    </telecom>
    <telecom>
      <system value="email"/>
      <value value="teamsolsiden@dips.no"/>
    </telecom>
  </contact>
  <content value="complete"/>
  <count value="4"/>
  <concept>
    <code value="2001"/>
    <display value="God"/>
  </concept>
  <concept>
    <code value="2002"/>
    <display value="Moderat"/>
  </concept>
  <concept>
    <code value="2003"/>
    <display value="Ikke graderbar"/>
  </concept>
  <concept>
    <code value="2004"/>
    <display value="Mangler"/>
  </concept>
</CodeSystem>