<?xml version="1.0" encoding="UTF-8"?>

<CodeSystem xmlns="http://hl7.org/fhir">
  <id value="tiltakstatus-nesteundersokelse-cs"/>
  <text>
    <status value="generated"/><div xmlns="http://www.w3.org/1999/xhtml"><p class="res-header-id"><b>Generated Narrative: CodeSystem tiltakstatus-nesteundersokelse-cs</b></p><a name="tiltakstatus-nesteundersokelse-cs"> </a><a name="hctiltakstatus-nesteundersokelse-cs"> </a><p>This  code system <code>http://dips.no/fhir/RetinaIntegration/CodeSystem/tiltakstatus-nesteundersokelse-cs</code> defines the following codes:</p><table class="codes"><tr><td style="white-space:nowrap"><b>Code</b></td><td><b>Display</b></td></tr><tr><td style="white-space:nowrap">3001<a name="tiltakstatus-nesteundersokelse-cs-3001"> </a></td><td>Ny fotokontroll (primærgradering)</td></tr><tr><td style="white-space:nowrap">3002<a name="tiltakstatus-nesteundersokelse-cs-3002"> </a></td><td>Ny fotokontroll (sekundærgradering)</td></tr><tr><td style="white-space:nowrap">3003<a name="tiltakstatus-nesteundersokelse-cs-3003"> </a></td><td>Ingen registrert tidligere undersøkelser</td></tr></table></div>
  </text>
  <url value="http://dips.no/fhir/RetinaIntegration/CodeSystem/tiltakstatus-nesteundersokelse-cs"/>
  <version value="0.1.1"/>
  <name value="TiltakStatusForrigeUndersokelseCodeSystem"/>
  <title value="Verdisett for tiltaksstatus neste undersøkelse"/>
  <status value="draft"/>
  <date value="2025-10-07T21:19:45+02:00"/>
  <publisher value="DIPS AS"/>
  <contact>
    <name value="DIPS AS"/>
    <telecom>
      <system value="url"/>
      <value value="http://dips.no/"/>
    </telecom>
    <telecom>
      <system value="email"/>
      <value value="teamsolsiden@dips.no"/>
    </telecom>
  </contact>
  <description value="Verdisett som beskriver verdier for forløpsstatus for neste undersøkelse for Retinascreening"/>
  <content value="complete"/>
  <count value="3"/>
  <concept>
    <code value="3001"/>
    <display value="Ny fotokontroll (primærgradering)"/>
  </concept>
  <concept>
    <code value="3002"/>
    <display value="Ny fotokontroll (sekundærgradering)"/>
  </concept>
  <concept>
    <code value="3003"/>
    <display value="Ingen registrert tidligere undersøkelser"/>
  </concept>
</CodeSystem>