{
  "resourceType" : "DiagnosticReport",
  "id" : "aaaaaaaa-bbbb-cccc-dddd-eeeeeeeeeeee",
  "meta" : {
    "profile" : ["http://dips.no/fhir/RetinaIntegration/StructureDefinition/RetinaDiagnosticReport"]
  },
  "text" : {
    "status" : "generated",
    "div" : "<div xmlns=\"http://www.w3.org/1999/xhtml\"><p class=\"res-header-id\"><b>Generated Narrative: DiagnosticReport aaaaaaaa-bbbb-cccc-dddd-eeeeeeeeeeee</b></p><a name=\"aaaaaaaa-bbbb-cccc-dddd-eeeeeeeeeeee\"> </a><a name=\"hcaaaaaaaa-bbbb-cccc-dddd-eeeeeeeeeeee\"> </a><div style=\"display: inline-block; background-color: #d9e0e7; padding: 6px; margin: 4px; border: 1px solid #8da1b4; border-radius: 5px; line-height: 60%\"><p style=\"margin-bottom: 0px\"/><p style=\"margin-bottom: 0px\">Profile: <a href=\"StructureDefinition-RetinaDiagnosticReport.html\">DiagnosticReport for Retinascreening</a></p></div><h2><span title=\"Codes:{http://ehelse.no/fhir/CodeSystem/no-kodeverk-8660 B}\">Bildediagnostikk</span> </h2><table class=\"grid\"><tr><td>Identifiers</td><td> <code>http://dips.no/fhir/NamingSystem/retina-examination-id</code>/aaaaaaaa-bbbb-cccc-dddd-eeeeeeeeeeee <code>http://sectra.no/identifiers</code>/MMA94126079</td></tr></table><p><b>Report Details</b></p></div>"
  },
  "identifier" : [{
    "system" : "http://dips.no/fhir/NamingSystem/retina-examination-id",
    "value" : "aaaaaaaa-bbbb-cccc-dddd-eeeeeeeeeeee"
  },
  {
    "system" : "http://sectra.no/identifiers",
    "value" : "MMA94126079"
  }],
  "status" : "preliminary",
  "code" : {
    "coding" : [{
      "system" : "http://ehelse.no/fhir/CodeSystem/no-kodeverk-8660",
      "code" : "B",
      "display" : "Bildediagnostikk"
    }]
  }
}