<?xml version="1.0" encoding="UTF-8"?>

<DiagnosticReport xmlns="http://hl7.org/fhir">
  <id value="aaaaaaaa-bbbb-cccc-dddd-eeeeeeeeeeee"/>
  <meta>
    <profile value="http://dips.no/fhir/RetinaIntegration/StructureDefinition/RetinaDiagnosticReport"/>
  </meta>
  <text>
    <status value="generated"/><div xmlns="http://www.w3.org/1999/xhtml"><p class="res-header-id"><b>Generated Narrative: DiagnosticReport aaaaaaaa-bbbb-cccc-dddd-eeeeeeeeeeee</b></p><a name="aaaaaaaa-bbbb-cccc-dddd-eeeeeeeeeeee"> </a><a name="hcaaaaaaaa-bbbb-cccc-dddd-eeeeeeeeeeee"> </a><div style="display: inline-block; background-color: #d9e0e7; padding: 6px; margin: 4px; border: 1px solid #8da1b4; border-radius: 5px; line-height: 60%"><p style="margin-bottom: 0px"/><p style="margin-bottom: 0px">Profile: <a href="StructureDefinition-RetinaDiagnosticReport.html">DiagnosticReport for Retinascreening</a></p></div><h2><span title="Codes:{http://ehelse.no/fhir/CodeSystem/no-kodeverk-8660 B}">Bildediagnostikk</span> </h2><table class="grid"><tr><td>Identifiers</td><td> <code>http://dips.no/fhir/NamingSystem/retina-examination-id</code>/aaaaaaaa-bbbb-cccc-dddd-eeeeeeeeeeee <code>http://sectra.no/identifiers</code>/MMA94126079</td></tr></table><p><b>Report Details</b></p></div>
  </text>
  <identifier>
    <system value="http://dips.no/fhir/NamingSystem/retina-examination-id"/>
    <value value="aaaaaaaa-bbbb-cccc-dddd-eeeeeeeeeeee"/>
  </identifier>
  <identifier>
    <system value="http://sectra.no/identifiers"/>
    <value value="MMA94126079"/>
  </identifier>
  <status value="preliminary"/>
  <code>
    <coding>
      <system value="http://ehelse.no/fhir/CodeSystem/no-kodeverk-8660"/>
      <code value="B"/>
      <display value="Bildediagnostikk"/>
    </coding>
  </code>
</DiagnosticReport>