{
  "codeSystems" : [
    {
      "url" : "http://dips.no/fhir/RetinaIntegration/ValueSet/diagnosticreport-codes-vs",
      "version" : "0.1.1",
      "status" : "draft",
      "name" : "DiagnosticReportCodes",
      "title" : "Rapport for Retina-screening",
      "description" : "Rapporttype bildediagnsotikk fra Volven 8660",
      "systems" : ["http://ehelse.no/fhir/CodeSystem/no-kodeverk-8660"]
    },
    {
      "url" : "http://dips.no/fhir/RetinaIntegration/ValueSet/retina-conclusioncode-vs",
      "version" : "0.1.1",
      "status" : "draft",
      "name" : "RetinaConclusionCodeValueset",
      "title" : "Conclusion Code ValueSet for Retinascreening",
      "description" : "Allowed conclusion codes for DiagnosticReport",
      "systems" : [
        "http://dips.no/fhir/RetinaIntegration/CodeSystem/retina-conclusioncode-cs"
      ]
    },
    {
      "url" : "http://dips.no/fhir/RetinaIntegration/ValueSet/retina-imagequality-vs",
      "version" : "0.1.1",
      "status" : "draft",
      "name" : "RetinaImageQualityValueSet",
      "title" : "Image Quality ValueSet for Retinascreening",
      "description" : "",
      "systems" : [
        "http://dips.no/fhir/RetinaIntegration/CodeSystem/retina-imagequality-cs"
      ]
    },
    {
      "url" : "http://dips.no/fhir/RetinaIntegration/ValueSet/tiltaksstatus-forrigeUndersokelse-vs",
      "version" : "0.1.1",
      "status" : "draft",
      "name" : "TiltaksstatusForrigeUndersokelseValueSet",
      "title" : "Verdisett for tiltaksstatus neste undersøkelse",
      "description" : "Verdisett som beskriver verdier for forløpsstatus for neste undersøkelse for Retinascreening",
      "systems" : [
        "http://dips.no/fhir/RetinaIntegration/CodeSystem/tiltakstatus-nesteundersokelse-cs"
      ]
    },
    {
      "url" : "http://dips.no/fhir/RetinaIntegration/ValueSet/videre-forlop-vs",
      "version" : "0.1.1",
      "status" : "draft",
      "name" : "VidereForlopValueSet",
      "title" : "Verdisett for videre forløpsstudie",
      "description" : "Verdisett som beskriver videre forløp for Retinascreening.",
      "systems" : [
        "http://dips.no/fhir/RetinaIntegration/CodeSystem/videre-forlop-cs"
      ]
    }
  ]
}
