{
  "resourceType" : "ValueSet",
  "id" : "diagnosticreport-codes-vs",
  "text" : {
    "status" : "generated",
    "div" : "<div xmlns=\"http://www.w3.org/1999/xhtml\"><p class=\"res-header-id\"><b>Generated Narrative: ValueSet diagnosticreport-codes-vs</b></p><a name=\"diagnosticreport-codes-vs\"> </a><a name=\"hcdiagnosticreport-codes-vs\"> </a><ul><li>Include all codes defined in <code>http://ehelse.no/fhir/CodeSystem/no-kodeverk-8660</code> version <span title=\"Version is not explicity stated. No matching Code System found\">Not Stated (use latest from terminology server)</span></li></ul></div>"
  },
  "url" : "http://dips.no/fhir/RetinaIntegration/ValueSet/diagnosticreport-codes-vs",
  "version" : "0.1.1",
  "name" : "DiagnosticReportCodes",
  "title" : "Rapport for Retina-screening",
  "status" : "draft",
  "date" : "2025-10-07T21:19:45+02:00",
  "publisher" : "DIPS AS",
  "contact" : [{
    "name" : "DIPS AS",
    "telecom" : [{
      "system" : "url",
      "value" : "http://dips.no/"
    },
    {
      "system" : "email",
      "value" : "teamsolsiden@dips.no"
    }]
  }],
  "description" : "Rapporttype bildediagnsotikk fra Volven 8660",
  "compose" : {
    "include" : [{
      "system" : "http://ehelse.no/fhir/CodeSystem/no-kodeverk-8660"
    }]
  }
}